ID,alertType,part_ID,location_ID,message,severity,isResolved,createdAt,createdBy,modifiedAt,modifiedBy
1ae71ed7-3095-443a-bfe5-df5b414a7a96,REORDER,13305991-e380-4e25-81ec-5e7f956f046d,bc95eabc-2f70-4d11-852f-fe993c45d29e,Way main difficult case baby such big side.,MEDIUM,false,2026-08-03T02:33:00Z,system,2026-08-03T02:33:00Z,mgarcia
3f01eaac-a0e4-434e-86a1-41e739ea6dc5,SYSTEM,74be4fc7-6bdb-4dbb-b4f6-9e8fe5fceb29,b1da6c9d-61e9-49c2-b3fa-4767b513979f,Also from short capital heavy class story side speak close.,MEDIUM,false,2026-07-30T19:58:00Z,system,2026-07-30T19:58:00Z,mgarcia
1e15f6d6-aade-4186-92b0-2cc1f68cef33,SYSTEM,051dae6d-d352-4b01-ab2c-d08df04ebfc6,759c807f-812b-496b-ae95-f989c539d42f,Analysis hair rest wide particular sell six doctor dream.,LOW,false,2026-07-27T10:04:00Z,system,2026-07-27T10:04:00Z,system
1654ff65-285d-4111-9d78-7b10e31daa3f,SYSTEM,897f070f-bc4f-4fae-bc2b-24e77704addb,3a43ca38-6b24-43ed-a264-c0a776a50297,Tough create question now key show sing me industry.,LOW,false,2026-08-19T10:48:00Z,system,2026-08-19T10:48:00Z,admin
393ad497-e33e-4f87-93ea-345d1eb6244f,SYSTEM,25431261-a66a-47d4-a04a-d39cf259d212,e0944a13-78fc-47e7-997b-ca9b53044bc6,Stage soon catch economic political them.,HIGH,false,2026-07-13T12:30:00Z,system,2026-07-13T12:30:00Z,mgarcia
3ea51c83-e893-4ace-9aae-6b530895af58,SYSTEM,753ba143-fcb4-4ad5-aaac-4c560ce33ebe,621dd3fb-a220-43f8-8817-cb2361ee66f3,Various represent middle by base civil last message store begin.,HIGH,true,2026-08-16T23:40:00Z,system,2026-08-16T23:40:00Z,admin
58c6710d-fb7a-49cd-96ec-8f84b5a6afbd,SYSTEM,753ba143-fcb4-4ad5-aaac-4c560ce33ebe,787fb9ac-b66a-4013-9d0e-600316db08a4,Stage this us increase how hear history.,LOW,true,2026-07-28T07:38:00Z,system,2026-07-28T07:38:00Z,p.rossi
ef7e6fcc-02e6-4629-b58d-4e8c3c0e8b5e,LOW_STOCK,753ba143-fcb4-4ad5-aaac-4c560ce33ebe,322c1e37-016e-43cb-bd18-5b1321d9c55a,Heart agreement us stuff practice.,CRITICAL,false,2026-08-12T15:26:00Z,system,2026-08-12T15:26:00Z,admin
76d29815-0824-461f-9821-58fa9ca3d3f2,REORDER,debc1375-1aa5-420b-b921-84e3a43ca39c,f865d5fb-7c80-46a8-9a28-cabbfa502eaa,Case expert stop receive catch relationship.,HIGH,false,2026-07-04T18:49:00Z,system,2026-07-04T18:49:00Z,jkim
61d4014f-e990-44ae-84e0-05c3dd629eff,SYSTEM,457f426f-13c2-48a4-ac7c-793a651b6225,e69805a1-5c4e-4512-8c7a-f4c98fc43ced,Past town affect democratic change vote participant institution simply.,MEDIUM,false,2026-07-13T01:38:00Z,system,2026-07-13T01:38:00Z,lchen
fea7a112-5ca6-4acf-8c4c-40ae44768d6f,LOW_STOCK,53de87d0-38ef-40e2-a5b2-40541cb6f259,759c807f-812b-496b-ae95-f989c539d42f,Feeling answer information soldier lead book toward.,MEDIUM,false,2026-08-08T18:29:00Z,system,2026-08-08T18:29:00Z,asharma
edbd247a-1e23-4513-b2c1-3e2115a572e9,LOW_STOCK,a752a8cb-1a42-448e-9f41-11467a428069,b1da6c9d-61e9-49c2-b3fa-4767b513979f,Movie place offer responsibility fact ability good number cost property.,MEDIUM,true,2026-08-26T07:30:00Z,system,2026-08-26T07:30:00Z,mgarcia
825ecbb6-ce2c-4e93-924b-d1326412e528,OVERSTOCK,355edc4b-7ed7-4d11-b7d2-a0c3dabc64cd,621dd3fb-a220-43f8-8817-cb2361ee66f3,Window attack moment medical write never hospital like player wonder.,MEDIUM,false,2026-07-13T18:02:00Z,system,2026-07-13T18:02:00Z,p.rossi
8d7643a3-e8ee-412c-8c48-9a5d899235e5,LOW_STOCK,e8a0cd7e-4ae2-41f2-a138-5626f31bc4df,51a89c75-4ec8-4de9-a1dd-2d371acf279f,Section ground attack drop price billion old.,LOW,false,2026-06-30T19:11:00Z,system,2026-06-30T19:11:00Z,p.rossi
55329456-1440-4cc7-bccd-5bf77160f3d8,SYSTEM,2b5bcd76-0f4f-4419-a2af-5bd49198787a,bed2f070-2299-4ba2-aaf8-e0814575c541,Card good full poor store range wonder long.,HIGH,false,2026-06-28T02:35:00Z,system,2026-06-28T02:35:00Z,asharma
085ae1c4-17b4-4b61-b512-8f51a47c747b,EXPIRY,efd0389e-7297-4b7b-bf52-5c8fb100928b,59f6362e-b2c8-4821-a0b0-b9a096049ab2,Specific as simply leader fall analysis.,HIGH,true,2026-08-17T00:33:00Z,system,2026-08-17T00:33:00Z,p.rossi
7c3194db-f382-48d4-b31b-6acd066bdfb3,OVERSTOCK,c18e95af-f516-490d-bd1c-54c53ace05f2,4576857b-c5ee-4fe7-9ba9-832e5145de67,Though firm financial huge spring list.,MEDIUM,false,2026-07-21T18:36:00Z,system,2026-07-21T18:36:00Z,jkim
b3177d6a-bb15-462b-b17c-3b2b75deae74,EXPIRY,457f426f-13c2-48a4-ac7c-793a651b6225,9c009766-f0d1-4133-8643-8736c78c3b1a,Send course ground sit tend.,MEDIUM,false,2026-06-28T01:24:00Z,system,2026-06-28T01:24:00Z,mgarcia
2f18e4e4-65b6-4cb0-a4da-aed06496ef3c,SYSTEM,2b5bcd76-0f4f-4419-a2af-5bd49198787a,3a112cd1-76d9-4807-b433-bceb77a60ad0,Event son join hundred keep what fund cost.,MEDIUM,false,2026-06-30T04:46:00Z,system,2026-06-30T04:46:00Z,p.rossi
41e63ef6-0d3b-4bb7-a727-029e2866276e,OVERSTOCK,b51b6aa7-f148-41c9-bd4d-8d578dfcfd94,eb366403-27af-4380-9d74-800a53ab8081,Happen something entire bar interesting issue yet Congress family.,HIGH,false,2026-08-23T16:38:00Z,system,2026-08-23T16:38:00Z,jkim
673d02d6-7fa9-4295-9026-b74036db5780,LOW_STOCK,13305991-e380-4e25-81ec-5e7f956f046d,26c5e83c-6987-456b-a0d9-8a09b356fd33,Bag produce fill owner international.,LOW,false,2026-08-11T17:45:00Z,system,2026-08-11T17:45:00Z,jkim
04418b1b-9543-46b4-a2a8-0e6e96202394,EXPIRY,b51b6aa7-f148-41c9-bd4d-8d578dfcfd94,7420b029-22ee-4015-94d4-fb873fa6ca32,Goal amount thank good your ever woman way avoid.,CRITICAL,false,2026-08-24T11:32:00Z,system,2026-08-24T11:32:00Z,mgarcia
ff001fb8-1542-4cf6-a3ef-6e3e7c6ea698,EXPIRY,457f426f-13c2-48a4-ac7c-793a651b6225,8cfe33b7-74d9-4457-a2c0-bd0fc0a85c49,Guy song quickly well central parent sit alone.,MEDIUM,false,2026-07-24T11:54:00Z,system,2026-07-24T11:54:00Z,jkim
68c47501-0c5f-424d-a86a-b442e89348e4,LOW_STOCK,efd0389e-7297-4b7b-bf52-5c8fb100928b,26c5e83c-6987-456b-a0d9-8a09b356fd33,Door population gun we allow.,LOW,true,2026-07-07T22:42:00Z,system,2026-07-07T22:42:00Z,mgarcia
f7ed6982-64ac-4e7f-9763-4e47ed64563d,LOW_STOCK,534234c8-9cd2-46ad-b01d-8a2cc0cf84e7,eb366403-27af-4380-9d74-800a53ab8081,Quickly we head several off morning.,HIGH,false,2026-08-17T11:50:00Z,system,2026-08-17T11:50:00Z,lchen
62c68dee-3056-47a6-a781-9588ed427eca,LOW_STOCK,de2c8387-ceea-4b72-aeb5-79833a9bff72,787fb9ac-b66a-4013-9d0e-600316db08a4,Fire everything whether ago control military trial brother.,CRITICAL,true,2026-07-01T08:15:00Z,system,2026-07-01T08:15:00Z,jkim
599e1941-3143-49ab-b248-34434cb90547,REORDER,b8ad8d43-3dea-496b-afb9-7724716b30f1,9700af2f-cafa-4d98-9f40-e1f13151b649,Region Democrat partner really your customer career.,HIGH,false,2026-08-21T13:47:00Z,system,2026-08-21T13:47:00Z,mgarcia
cbea0d2f-ff6b-4ed0-bb22-6040d9692be7,LOW_STOCK,0946819a-9285-487f-8ae5-4e23616154b8,322c1e37-016e-43cb-bd18-5b1321d9c55a,Later together knowledge because radio.,CRITICAL,true,2026-08-08T16:54:00Z,system,2026-08-08T16:54:00Z,jkim
9d7ce6f6-60a1-4a48-ad37-07db460d3a32,LOW_STOCK,c18e95af-f516-490d-bd1c-54c53ace05f2,2007bcd8-2427-419a-b2d1-c4e296ae698e,Property remember nearly face feel church remember record.,CRITICAL,true,2026-08-04T23:33:00Z,system,2026-08-04T23:33:00Z,jkim
f3a77ad4-1c5b-48d6-adc2-80b097e14f7d,OVERSTOCK,53de87d0-38ef-40e2-a5b2-40541cb6f259,004296f6-f720-49bf-9ec4-28edc4a82da7,Soldier meeting building cut catch so.,LOW,false,2026-08-26T17:50:00Z,system,2026-08-26T17:50:00Z,admin
0a3c45f5-4325-4340-b0f9-d5fe4f0d466e,OVERSTOCK,53de87d0-38ef-40e2-a5b2-40541cb6f259,3a43ca38-6b24-43ed-a264-c0a776a50297,Guess occur level work candidate.,CRITICAL,true,2026-08-02T08:29:00Z,system,2026-08-02T08:29:00Z,mgarcia
6a535b4e-7d51-4b51-b013-2502656cd7b9,REORDER,093912cf-ab6c-460d-ac4f-9fc1d34892ae,9c009766-f0d1-4133-8643-8736c78c3b1a,Assume huge response long improve.,HIGH,false,2026-07-02T11:37:00Z,system,2026-07-02T11:37:00Z,system
c5703789-140d-473f-9a23-5c16f6086040,OVERSTOCK,457f426f-13c2-48a4-ac7c-793a651b6225,759c807f-812b-496b-ae95-f989c539d42f,Statement available win politics last quite general there.,MEDIUM,false,2026-08-11T16:07:00Z,system,2026-08-11T16:07:00Z,p.rossi
c6c7554d-ece4-4132-ab0e-5f75f02a95ff,OVERSTOCK,438aaddc-15d3-44ed-a047-97d9fba54bd6,7420b029-22ee-4015-94d4-fb873fa6ca32,Policy consider whom item treat area buy check clearly follow.,MEDIUM,false,2026-08-21T21:18:00Z,system,2026-08-21T21:18:00Z,jkim
9a98ac3e-3549-4de9-86fa-2a11864ec4a8,SYSTEM,b8ad8d43-3dea-496b-afb9-7724716b30f1,3a43ca38-6b24-43ed-a264-c0a776a50297,Generation wait thus suffer economy play nearly.,CRITICAL,false,2026-07-05T11:08:00Z,system,2026-07-05T11:08:00Z,asharma
c9bcbaec-17cd-4e50-a3d1-bab7c6595325,EXPIRY,97982bf8-f2bd-4c95-93b7-32dd79324367,a027b987-01e1-4b1e-a380-1b24e693f738,Person pass behavior political option oil.,MEDIUM,true,2026-07-28T14:55:00Z,system,2026-07-28T14:55:00Z,admin
b4acbb1e-3f02-4117-90b2-e6d618c3b05f,REORDER,bd2c74bd-cc0f-4112-8fa2-101d5e36febc,4576857b-c5ee-4fe7-9ba9-832e5145de67,Probably result painting successful nor stay.,LOW,false,2026-07-30T18:50:00Z,system,2026-07-30T18:50:00Z,jkim
d52b395c-6ddc-4c1d-a00c-5663052934f1,REORDER,390632f6-1a4d-4528-9454-11af6a78fb67,26c5e83c-6987-456b-a0d9-8a09b356fd33,Ball we side enough decision.,HIGH,false,2026-07-15T10:48:00Z,system,2026-07-15T10:48:00Z,admin
7497d977-27dc-496c-950d-0ac4a50e4eee,SYSTEM,0946819a-9285-487f-8ae5-4e23616154b8,9700af2f-cafa-4d98-9f40-e1f13151b649,Indicate police marriage phone face what lot source rate father.,HIGH,false,2026-08-23T21:36:00Z,system,2026-08-23T21:36:00Z,lchen
de957346-aa9c-471c-b2b9-ddba7713608b,SYSTEM,debc1375-1aa5-420b-b921-84e3a43ca39c,fe17044a-0a91-4c99-9628-c7c2c76f5905,Read citizen indeed less future.,CRITICAL,true,2026-07-29T23:10:00Z,system,2026-07-29T23:10:00Z,system
