ID,timestamp,layer,operation,message,severity
be1f7970-5b60-4cf7-8de0-50296f8bd9f4,2026-08-23T19:24:00Z,SCHEDULER,FETCH,Fine responsibility safe team wish.,INFO
e1ea3344-1180-404a-a625-e010022f400a,2026-07-29T20:24:00Z,API,DELETE,Set middle blood drop business.,ERROR
485303e7-fb03-4671-9fa5-324d7e5bd575,2026-07-30T12:04:00Z,UI,DELETE,Easy best face his past eat tend civil.,WARN
90583702-1394-4c5f-aced-fb9e0484b863,2026-08-07T08:24:00Z,SCHEDULER,SYNC,Value return couple city you level these.,INFO
473c0db9-88a2-4bf9-b876-e7102c46573a,2026-08-22T15:35:00Z,INTEGRATION,FETCH,Age war measure whom Democrat good anything manager.,ERROR
6d3b4f7c-b05b-47f1-b1cc-809ed7d631b2,2026-08-06T01:35:00Z,API,SYNC,Experience account blue care enough hand idea and.,INFO
32a3c72f-f1a1-4412-b1a2-b9b350cd6957,2026-08-05T16:57:00Z,UI,DELETE,Now crime network available.,INFO
bbae70d6-f427-44e7-981c-a0f9b55379d3,2026-08-27T13:08:00Z,DB,DELETE,Late near stay perhaps particularly campaign benefit health.,INFO
3fa45ead-b59a-4ad9-8b05-d119ab22fee6,2026-08-01T08:06:00Z,API,UPDATE,Newspaper hand certain own husband American although.,INFO
9635a366-f442-4bc5-bd0d-185f1ce90db0,2026-08-18T00:32:00Z,DB,DELETE,Sound mind chance throw cause use five.,WARN
d9b275e2-3ee5-46ec-8fa1-ae934ef3b8f1,2026-08-08T03:55:00Z,INTEGRATION,SYNC,Wrong school federal from stock mother remember.,INFO
cf0e36a4-2c9e-47f4-ae07-571a8b61e491,2026-07-29T10:13:00Z,UI,FETCH,Little admit former body indicate film.,INFO
0978c744-e151-46d2-a672-a8ce1e7156a8,2026-08-01T22:28:00Z,INTEGRATION,CREATE,Ago listen whose situation simply officer return on color.,INFO
ff1b22c8-da26-498b-8537-a905f23b315e,2026-08-05T07:35:00Z,INTEGRATION,FETCH,Return simple herself start drug occur red course kid.,ERROR
66a14d73-f54c-4dd8-a6df-52e0bc4e1572,2026-08-27T18:48:00Z,INTEGRATION,CREATE,Charge real improve simple turn their save.,INFO
a96c9ab7-8cd8-40f8-b1e9-8e2ee41094d3,2026-08-26T09:57:00Z,DB,VALIDATE,Relationship million night your.,INFO
18e8ee8b-2d72-4bd2-8994-ae7816c86745,2026-08-19T12:08:00Z,UI,FETCH,Moment finish community treatment garden great sign return.,WARN
96b73c1d-e296-4fa4-89df-4674691fa6a5,2026-08-07T20:17:00Z,API,UPDATE,Particular court east newspaper different win.,INFO
8d85f1a4-8888-40a5-b168-ac7e1460a88f,2026-08-12T04:32:00Z,INTEGRATION,SYNC,Side relate real major look night.,ERROR
0eab0119-1b41-4fa6-9e07-6f66341a4047,2026-08-10T12:38:00Z,INTEGRATION,DELETE,Explain of myself time house generation.,INFO
2f885d89-e80e-45a3-9a7a-f28448cc1ce1,2026-08-18T23:36:00Z,API,UPDATE,Fact explain research get kind.,ERROR
539ab6c3-527b-4e5e-8924-ad814315549e,2026-08-03T17:06:00Z,INTEGRATION,VALIDATE,Section degree still even no even.,INFO
cbea962d-f4ad-437d-8417-eb3df7de271e,2026-08-06T17:43:00Z,UI,FETCH,Past only drug prove most.,INFO
0c971772-4be1-45c2-a9e8-df9a1c27e893,2026-07-31T03:00:00Z,UI,UPDATE,Appear including response beyond side accept.,INFO
644be107-e012-4a00-b4ba-c4d80725265d,2026-08-08T23:46:00Z,DB,FETCH,Within citizen present thing little practice sense expert experience.,INFO
8ae23eed-44c7-4fdb-b8e3-e1e64fcd462e,2026-08-05T01:19:00Z,DB,SYNC,Traditional become off movement.,WARN
b0c11c2c-37ce-4a06-9038-be808fcbaf74,2026-07-31T12:31:00Z,DB,UPDATE,Tree company think compare.,WARN
3692f336-02ab-40ed-87f7-d31d3fac1aad,2026-08-18T02:27:00Z,SCHEDULER,SYNC,Young however many view.,ERROR
40bf8629-4f12-4a41-aa02-242f4276167b,2026-08-24T23:28:00Z,DB,FETCH,Theory across nothing blue work expect.,ERROR
1984e7f7-4821-46fa-8776-708a28209975,2026-08-08T14:41:00Z,API,SYNC,Modern threat care mean evening speak former room possible.,INFO
4209b590-53cc-46ac-b0f6-6a01de947b4e,2026-08-17T15:20:00Z,DB,DELETE,Add front far purpose cover.,INFO
caedb57a-8be8-4552-abcf-3411fcc55218,2026-08-07T01:03:00Z,DB,UPDATE,Task today still middle beautiful protect continue cell food.,INFO
b26ece7a-381e-4098-98cc-e2a9799d04f8,2026-08-11T16:03:00Z,API,FETCH,According himself land environment form old.,WARN
3b9df7d1-4a39-4721-9a2f-282dbc2988bc,2026-08-06T13:17:00Z,INTEGRATION,VALIDATE,Activity president realize artist brother fill if maybe time.,INFO
eab98d37-873c-4923-9696-91c57e723ca3,2026-08-07T08:42:00Z,DB,SYNC,Real police wait happen determine whatever.,WARN
6f60a0ea-a293-4726-8257-edafc8acfd48,2026-08-15T00:58:00Z,SCHEDULER,VALIDATE,Check security paper indeed near likely Mr professional.,ERROR
3d85a97f-234c-42cf-a7b4-82ff6be574bd,2026-08-01T17:39:00Z,INTEGRATION,VALIDATE,Seven quite other skin moment month.,ERROR
9b474f4c-62ff-4d4e-a6f1-c0bfc1a2cae6,2026-08-07T08:02:00Z,DB,FETCH,Back nor article natural measure of change.,INFO
54def5da-18ee-4fe6-8b43-98dfaaa5c0b1,2026-07-31T18:07:00Z,SCHEDULER,UPDATE,Take kind quite response major together knowledge.,INFO
723a6996-d47d-4000-a122-696a4fc19ca3,2026-08-24T08:52:00Z,DB,VALIDATE,Law message lead around.,ERROR
